<?xml version="1.0" encoding="utf-8" ?>
<extension type="plugin" group="healthchecker" method="upgrade">
    <name>plg_healthchecker_mysitesguru</name>
    <author>mySites.guru / Phil E. Taylor</author>
    <creationDate>2026-02-26</creationDate>
    <copyright>(C) 2026 mySites.guru / Phil E. Taylor</copyright>
    <license>GNU General Public License version 2 or later; see LICENSE.txt</license>
    <authorEmail>phil@phil-taylor.com</authorEmail>
    <authorUrl>https://mysites.guru</authorUrl>
    <version>3.3.5</version>
    <description>PLG_HEALTHCHECKER_MYSITESGURU_XML_DESCRIPTION</description>
    <namespace path="src">MySitesGuru\HealthChecker\Plugin\MySitesGuru</namespace>

    <files>
        <folder plugin="mysitesguru">services</folder>
        <folder>src</folder>
        <folder>language</folder>
    </files>

    <media destination="plg_healthchecker_mysitesguru" folder="media">
        <filename>logo.png</filename>
    </media>

    <languages folder="language">
        <language tag="en-GB">en-GB/plg_healthchecker_mysitesguru.ini</language>
        <language
            tag="en-GB"
        >en-GB/plg_healthchecker_mysitesguru.sys.ini</language>
    </languages>

    <updateservers>
        <server
            type="extension"
            priority="1"
            name="Health Checker - mySites.guru Plugin"
        >https://www.joomlahealthchecker.com/update/plg_healthchecker_mysitesguru.xml</server>
    </updateservers>

    <client>0</client>
</extension>
