<?xml version="1.0" encoding="UTF-8" ?>
<extension type="plugin" group="healthchecker" method="upgrade">
    <name>plg_healthchecker_core</name>
    <author>Phil E. Taylor</author>
    <creationDate>2026-01</creationDate>
    <copyright>(C) 2026 mySites.guru / Phil E. Taylor</copyright>
    <license>GNU General Public License version 2 or later; see LICENSE.txt</license>
    <authorEmail>phil@phil-taylor.com</authorEmail>
    <authorUrl>https://mySites.guru</authorUrl>
    <version>3.0.38</version>
    <description>PLG_HEALTHCHECKER_CORE_XML_DESCRIPTION</description>
    <namespace path="src">MySitesGuru\HealthChecker\Plugin\Core</namespace>
    <scriptfile>script.php</scriptfile>

    <files>
        <folder plugin="core">services</folder>
        <folder>src</folder>
        <folder>language</folder>
    </files>

    <languages folder="language">
        <language tag="en-GB">en-GB/plg_healthchecker_core.ini</language>
        <language tag="en-GB">en-GB/plg_healthchecker_core.sys.ini</language>
    </languages>

    <!-- Plugin Configuration -->
    <config>
        <fields name="params">
            <fieldset
                name="checks"
                label="PLG_HEALTHCHECKER_CORE_FIELDSET_CHECKS_LABEL"
                description="PLG_HEALTHCHECKER_CORE_FIELDSET_CHECKS_DESC"
            >

                <!-- System & Hosting -->
                <field
                    name="header_system"
                    type="note"
                    label="PLG_HEALTHCHECKER_CORE_FIELDSET_SYSTEM_LABEL"
                    description="PLG_HEALTHCHECKER_CORE_FIELDSET_SYSTEM_DESC"
                    class="alert alert-info"
                />

                <field
                    name="check_system_apache_modules"
                    type="radio"
                    label="PLG_HEALTHCHECKER_CORE_CHECK_SYSTEM_APACHE_MODULES_TITLE"
                    class="btn-group btn-group-yesno"
                    default="1"
                >
                    <option value="1">JENABLED</option>
                    <option value="0">JDISABLED</option>
                </field>

                <field
                    name="check_system_curl_extension"
                    type="radio"
                    label="PLG_HEALTHCHECKER_CORE_CHECK_SYSTEM_CURL_EXTENSION_TITLE"
                    class="btn-group btn-group-yesno"
                    default="1"
                >
                    <option value="1">JENABLED</option>
                    <option value="0">JDISABLED</option>
                </field>

                <field
                    name="check_system_disk_space"
                    type="radio"
                    label="PLG_HEALTHCHECKER_CORE_CHECK_SYSTEM_DISK_SPACE_TITLE"
                    class="btn-group btn-group-yesno"
                    default="1"
                >
                    <option value="1">JENABLED</option>
                    <option value="0">JDISABLED</option>
                </field>

                <field
                    name="check_system_dom_extension"
                    type="radio"
                    label="PLG_HEALTHCHECKER_CORE_CHECK_SYSTEM_DOM_EXTENSION_TITLE"
                    class="btn-group btn-group-yesno"
                    default="1"
                >
                    <option value="1">JENABLED</option>
                    <option value="0">JDISABLED</option>
                </field>

                <field
                    name="check_system_exif_extension"
                    type="radio"
                    label="PLG_HEALTHCHECKER_CORE_CHECK_SYSTEM_EXIF_EXTENSION_TITLE"
                    class="btn-group btn-group-yesno"
                    default="1"
                >
                    <option value="1">JENABLED</option>
                    <option value="0">JDISABLED</option>
                </field>

                <field
                    name="check_system_failed_tasks"
                    type="radio"
                    label="PLG_HEALTHCHECKER_CORE_CHECK_SYSTEM_FAILED_TASKS_TITLE"
                    class="btn-group btn-group-yesno"
                    default="1"
                >
                    <option value="1">JENABLED</option>
                    <option value="0">JDISABLED</option>
                </field>

                <field
                    name="check_system_fileinfo_extension"
                    type="radio"
                    label="PLG_HEALTHCHECKER_CORE_CHECK_SYSTEM_FILEINFO_EXTENSION_TITLE"
                    class="btn-group btn-group-yesno"
                    default="1"
                >
                    <option value="1">JENABLED</option>
                    <option value="0">JDISABLED</option>
                </field>

                <field
                    name="check_system_gd_or_imagick"
                    type="radio"
                    label="PLG_HEALTHCHECKER_CORE_CHECK_SYSTEM_GD_OR_IMAGICK_TITLE"
                    class="btn-group btn-group-yesno"
                    default="1"
                >
                    <option value="1">JENABLED</option>
                    <option value="0">JDISABLED</option>
                </field>

                <field
                    name="check_system_imagick_version"
                    type="radio"
                    label="PLG_HEALTHCHECKER_CORE_CHECK_SYSTEM_IMAGICK_VERSION_TITLE"
                    class="btn-group btn-group-yesno"
                    default="1"
                >
                    <option value="1">JENABLED</option>
                    <option value="0">JDISABLED</option>
                </field>

                <field
                    name="check_system_intl_extension"
                    type="radio"
                    label="PLG_HEALTHCHECKER_CORE_CHECK_SYSTEM_INTL_EXTENSION_TITLE"
                    class="btn-group btn-group-yesno"
                    default="1"
                >
                    <option value="1">JENABLED</option>
                    <option value="0">JDISABLED</option>
                </field>

                <field
                    name="check_system_json_extension"
                    type="radio"
                    label="PLG_HEALTHCHECKER_CORE_CHECK_SYSTEM_JSON_EXTENSION_TITLE"
                    class="btn-group btn-group-yesno"
                    default="1"
                >
                    <option value="1">JENABLED</option>
                    <option value="0">JDISABLED</option>
                </field>

                <field
                    name="check_system_log_file_size"
                    type="radio"
                    label="PLG_HEALTHCHECKER_CORE_CHECK_SYSTEM_LOG_FILE_SIZE_TITLE"
                    class="btn-group btn-group-yesno"
                    default="1"
                >
                    <option value="1">JENABLED</option>
                    <option value="0">JDISABLED</option>
                </field>

                <field
                    name="check_system_mail_function"
                    type="radio"
                    label="PLG_HEALTHCHECKER_CORE_CHECK_SYSTEM_MAIL_FUNCTION_TITLE"
                    class="btn-group btn-group-yesno"
                    default="1"
                >
                    <option value="1">JENABLED</option>
                    <option value="0">JDISABLED</option>
                </field>

                <field
                    name="check_system_max_execution_time"
                    type="radio"
                    label="PLG_HEALTHCHECKER_CORE_CHECK_SYSTEM_MAX_EXECUTION_TIME_TITLE"
                    class="btn-group btn-group-yesno"
                    default="1"
                >
                    <option value="1">JENABLED</option>
                    <option value="0">JDISABLED</option>
                </field>

                <field
                    name="check_system_max_input_time"
                    type="radio"
                    label="PLG_HEALTHCHECKER_CORE_CHECK_SYSTEM_MAX_INPUT_TIME_TITLE"
                    class="btn-group btn-group-yesno"
                    default="1"
                >
                    <option value="1">JENABLED</option>
                    <option value="0">JDISABLED</option>
                </field>

                <field
                    name="check_system_max_input_vars"
                    type="radio"
                    label="PLG_HEALTHCHECKER_CORE_CHECK_SYSTEM_MAX_INPUT_VARS_TITLE"
                    class="btn-group btn-group-yesno"
                    default="1"
                >
                    <option value="1">JENABLED</option>
                    <option value="0">JDISABLED</option>
                </field>

                <field
                    name="check_system_mbstring_extension"
                    type="radio"
                    label="PLG_HEALTHCHECKER_CORE_CHECK_SYSTEM_MBSTRING_EXTENSION_TITLE"
                    class="btn-group btn-group-yesno"
                    default="1"
                >
                    <option value="1">JENABLED</option>
                    <option value="0">JDISABLED</option>
                </field>

                <field
                    name="check_system_memory_limit"
                    type="radio"
                    label="PLG_HEALTHCHECKER_CORE_CHECK_SYSTEM_MEMORY_LIMIT_TITLE"
                    class="btn-group btn-group-yesno"
                    default="1"
                >
                    <option value="1">JENABLED</option>
                    <option value="0">JDISABLED</option>
                </field>

                <field
                    name="check_system_opcache"
                    type="radio"
                    label="PLG_HEALTHCHECKER_CORE_CHECK_SYSTEM_OPCACHE_TITLE"
                    class="btn-group btn-group-yesno"
                    default="1"
                >
                    <option value="1">JENABLED</option>
                    <option value="0">JDISABLED</option>
                </field>

                <field
                    name="check_system_openssl_extension"
                    type="radio"
                    label="PLG_HEALTHCHECKER_CORE_CHECK_SYSTEM_OPENSSL_EXTENSION_TITLE"
                    class="btn-group btn-group-yesno"
                    default="1"
                >
                    <option value="1">JENABLED</option>
                    <option value="0">JDISABLED</option>
                </field>

                <field
                    name="check_system_output_buffering"
                    type="radio"
                    label="PLG_HEALTHCHECKER_CORE_CHECK_SYSTEM_OUTPUT_BUFFERING_TITLE"
                    class="btn-group btn-group-yesno"
                    default="1"
                >
                    <option value="1">JENABLED</option>
                    <option value="0">JDISABLED</option>
                </field>

                <field
                    name="check_system_overdue_tasks"
                    type="radio"
                    label="PLG_HEALTHCHECKER_CORE_CHECK_SYSTEM_OVERDUE_TASKS_TITLE"
                    class="btn-group btn-group-yesno"
                    default="1"
                >
                    <option value="1">JENABLED</option>
                    <option value="0">JDISABLED</option>
                </field>

                <field
                    name="check_system_pdo_mysql_extension"
                    type="radio"
                    label="PLG_HEALTHCHECKER_CORE_CHECK_SYSTEM_PDO_MYSQL_EXTENSION_TITLE"
                    class="btn-group btn-group-yesno"
                    default="1"
                >
                    <option value="1">JENABLED</option>
                    <option value="0">JDISABLED</option>
                </field>

                <field
                    name="check_system_php_eol"
                    type="radio"
                    label="PLG_HEALTHCHECKER_CORE_CHECK_SYSTEM_PHP_EOL_TITLE"
                    class="btn-group btn-group-yesno"
                    default="1"
                >
                    <option value="1">JENABLED</option>
                    <option value="0">JDISABLED</option>
                </field>

                <field
                    name="check_system_php_sapi"
                    type="radio"
                    label="PLG_HEALTHCHECKER_CORE_CHECK_SYSTEM_PHP_SAPI_TITLE"
                    class="btn-group btn-group-yesno"
                    default="1"
                >
                    <option value="1">JENABLED</option>
                    <option value="0">JDISABLED</option>
                </field>

                <field
                    name="check_system_php_version"
                    type="radio"
                    label="PLG_HEALTHCHECKER_CORE_CHECK_SYSTEM_PHP_VERSION_TITLE"
                    class="btn-group btn-group-yesno"
                    default="1"
                >
                    <option value="1">JENABLED</option>
                    <option value="0">JDISABLED</option>
                </field>

                <field
                    name="check_system_post_max_size"
                    type="radio"
                    label="PLG_HEALTHCHECKER_CORE_CHECK_SYSTEM_POST_MAX_SIZE_TITLE"
                    class="btn-group btn-group-yesno"
                    default="1"
                >
                    <option value="1">JENABLED</option>
                    <option value="0">JDISABLED</option>
                </field>

                <field
                    name="check_system_realpath_cache"
                    type="radio"
                    label="PLG_HEALTHCHECKER_CORE_CHECK_SYSTEM_REALPATH_CACHE_TITLE"
                    class="btn-group btn-group-yesno"
                    default="1"
                >
                    <option value="1">JENABLED</option>
                    <option value="0">JDISABLED</option>
                </field>

                <field
                    name="check_system_server_time"
                    type="radio"
                    label="PLG_HEALTHCHECKER_CORE_CHECK_SYSTEM_SERVER_TIME_TITLE"
                    class="btn-group btn-group-yesno"
                    default="1"
                >
                    <option value="1">JENABLED</option>
                    <option value="0">JDISABLED</option>
                </field>

                <field
                    name="check_system_session_save_path"
                    type="radio"
                    label="PLG_HEALTHCHECKER_CORE_CHECK_SYSTEM_SESSION_SAVE_PATH_TITLE"
                    class="btn-group btn-group-yesno"
                    default="1"
                >
                    <option value="1">JENABLED</option>
                    <option value="0">JDISABLED</option>
                </field>

                <field
                    name="check_system_simplexml_extension"
                    type="radio"
                    label="PLG_HEALTHCHECKER_CORE_CHECK_SYSTEM_SIMPLEXML_EXTENSION_TITLE"
                    class="btn-group btn-group-yesno"
                    default="1"
                >
                    <option value="1">JENABLED</option>
                    <option value="0">JDISABLED</option>
                </field>

                <field
                    name="check_system_temp_directory"
                    type="radio"
                    label="PLG_HEALTHCHECKER_CORE_CHECK_SYSTEM_TEMP_DIRECTORY_TITLE"
                    class="btn-group btn-group-yesno"
                    default="1"
                >
                    <option value="1">JENABLED</option>
                    <option value="0">JDISABLED</option>
                </field>

                <field
                    name="check_system_upload_max_filesize"
                    type="radio"
                    label="PLG_HEALTHCHECKER_CORE_CHECK_SYSTEM_UPLOAD_MAX_FILESIZE_TITLE"
                    class="btn-group btn-group-yesno"
                    default="1"
                >
                    <option value="1">JENABLED</option>
                    <option value="0">JDISABLED</option>
                </field>

                <field
                    name="check_system_zip_extension"
                    type="radio"
                    label="PLG_HEALTHCHECKER_CORE_CHECK_SYSTEM_ZIP_EXTENSION_TITLE"
                    class="btn-group btn-group-yesno"
                    default="1"
                >
                    <option value="1">JENABLED</option>
                    <option value="0">JDISABLED</option>
                </field>

                <!-- Database -->
                <field
                    name="header_database"
                    type="note"
                    label="PLG_HEALTHCHECKER_CORE_FIELDSET_DATABASE_LABEL"
                    description="PLG_HEALTHCHECKER_CORE_FIELDSET_DATABASE_DESC"
                    class="alert alert-info"
                />

                <field
                    name="check_database_auto_increment"
                    type="radio"
                    label="PLG_HEALTHCHECKER_CORE_CHECK_DATABASE_AUTO_INCREMENT_TITLE"
                    class="btn-group btn-group-yesno"
                    default="1"
                >
                    <option value="1">JENABLED</option>
                    <option value="0">JDISABLED</option>
                </field>

                <field
                    name="check_database_connection_charset"
                    type="radio"
                    label="PLG_HEALTHCHECKER_CORE_CHECK_DATABASE_CONNECTION_CHARSET_TITLE"
                    class="btn-group btn-group-yesno"
                    default="1"
                >
                    <option value="1">JENABLED</option>
                    <option value="0">JDISABLED</option>
                </field>

                <field
                    name="check_database_connection"
                    type="radio"
                    label="PLG_HEALTHCHECKER_CORE_CHECK_DATABASE_CONNECTION_TITLE"
                    class="btn-group btn-group-yesno"
                    default="1"
                >
                    <option value="1">JENABLED</option>
                    <option value="0">JDISABLED</option>
                </field>

                <field
                    name="check_database_index_usage"
                    type="radio"
                    label="PLG_HEALTHCHECKER_CORE_CHECK_DATABASE_INDEX_USAGE_TITLE"
                    class="btn-group btn-group-yesno"
                    default="1"
                >
                    <option value="1">JENABLED</option>
                    <option value="0">JDISABLED</option>
                </field>

                <field
                    name="check_database_max_packet"
                    type="radio"
                    label="PLG_HEALTHCHECKER_CORE_CHECK_DATABASE_MAX_PACKET_TITLE"
                    class="btn-group btn-group-yesno"
                    default="1"
                >
                    <option value="1">JENABLED</option>
                    <option value="0">JDISABLED</option>
                </field>

                <field
                    name="check_database_orphaned_tables"
                    type="radio"
                    label="PLG_HEALTHCHECKER_CORE_CHECK_DATABASE_ORPHANED_TABLES_TITLE"
                    class="btn-group btn-group-yesno"
                    default="1"
                >
                    <option value="1">JENABLED</option>
                    <option value="0">JDISABLED</option>
                </field>

                <field
                    name="check_database_server_version"
                    type="radio"
                    label="PLG_HEALTHCHECKER_CORE_CHECK_DATABASE_SERVER_VERSION_TITLE"
                    class="btn-group btn-group-yesno"
                    default="1"
                >
                    <option value="1">JENABLED</option>
                    <option value="0">JDISABLED</option>
                </field>

                <field
                    name="check_database_size"
                    type="radio"
                    label="PLG_HEALTHCHECKER_CORE_CHECK_DATABASE_SIZE_TITLE"
                    class="btn-group btn-group-yesno"
                    default="1"
                >
                    <option value="1">JENABLED</option>
                    <option value="0">JDISABLED</option>
                </field>

                <field
                    name="check_database_slow_query"
                    type="radio"
                    label="PLG_HEALTHCHECKER_CORE_CHECK_DATABASE_SLOW_QUERY_TITLE"
                    class="btn-group btn-group-yesno"
                    default="1"
                >
                    <option value="1">JENABLED</option>
                    <option value="0">JDISABLED</option>
                </field>

                <field
                    name="check_database_sql_mode"
                    type="radio"
                    label="PLG_HEALTHCHECKER_CORE_CHECK_DATABASE_SQL_MODE_TITLE"
                    class="btn-group btn-group-yesno"
                    default="1"
                >
                    <option value="1">JENABLED</option>
                    <option value="0">JDISABLED</option>
                </field>

                <field
                    name="check_database_table_charset"
                    type="radio"
                    label="PLG_HEALTHCHECKER_CORE_CHECK_DATABASE_TABLE_CHARSET_TITLE"
                    class="btn-group btn-group-yesno"
                    default="1"
                >
                    <option value="1">JENABLED</option>
                    <option value="0">JDISABLED</option>
                </field>

                <field
                    name="check_database_table_engine"
                    type="radio"
                    label="PLG_HEALTHCHECKER_CORE_CHECK_DATABASE_TABLE_ENGINE_TITLE"
                    class="btn-group btn-group-yesno"
                    default="1"
                >
                    <option value="1">JENABLED</option>
                    <option value="0">JDISABLED</option>
                </field>

                <field
                    name="check_database_table_prefix"
                    type="radio"
                    label="PLG_HEALTHCHECKER_CORE_CHECK_DATABASE_TABLE_PREFIX_TITLE"
                    class="btn-group btn-group-yesno"
                    default="1"
                >
                    <option value="1">JENABLED</option>
                    <option value="0">JDISABLED</option>
                </field>

                <field
                    name="check_database_table_status"
                    type="radio"
                    label="PLG_HEALTHCHECKER_CORE_CHECK_DATABASE_TABLE_STATUS_TITLE"
                    class="btn-group btn-group-yesno"
                    default="1"
                >
                    <option value="1">JENABLED</option>
                    <option value="0">JDISABLED</option>
                </field>

                <field
                    name="check_database_transaction_isolation"
                    type="radio"
                    label="PLG_HEALTHCHECKER_CORE_CHECK_DATABASE_TRANSACTION_ISOLATION_TITLE"
                    class="btn-group btn-group-yesno"
                    default="1"
                >
                    <option value="1">JENABLED</option>
                    <option value="0">JDISABLED</option>
                </field>

                <field
                    name="check_database_user_privileges"
                    type="radio"
                    label="PLG_HEALTHCHECKER_CORE_CHECK_DATABASE_USER_PRIVILEGES_TITLE"
                    class="btn-group btn-group-yesno"
                    default="1"
                >
                    <option value="1">JENABLED</option>
                    <option value="0">JDISABLED</option>
                </field>

                <field
                    name="check_database_wait_timeout"
                    type="radio"
                    label="PLG_HEALTHCHECKER_CORE_CHECK_DATABASE_WAIT_TIMEOUT_TITLE"
                    class="btn-group btn-group-yesno"
                    default="1"
                >
                    <option value="1">JENABLED</option>
                    <option value="0">JDISABLED</option>
                </field>

                <!-- Security -->
                <field
                    name="header_security"
                    type="note"
                    label="PLG_HEALTHCHECKER_CORE_FIELDSET_SECURITY_LABEL"
                    description="PLG_HEALTHCHECKER_CORE_FIELDSET_SECURITY_DESC"
                    class="alert alert-info"
                />

                <field
                    name="check_security_action_logs_enabled"
                    type="radio"
                    label="PLG_HEALTHCHECKER_CORE_CHECK_SECURITY_ACTION_LOGS_ENABLED_TITLE"
                    class="btn-group btn-group-yesno"
                    default="1"
                >
                    <option value="1">JENABLED</option>
                    <option value="0">JDISABLED</option>
                </field>

                <field
                    name="check_security_admin_path"
                    type="radio"
                    label="PLG_HEALTHCHECKER_CORE_CHECK_SECURITY_ADMIN_PATH_TITLE"
                    class="btn-group btn-group-yesno"
                    default="1"
                >
                    <option value="1">JENABLED</option>
                    <option value="0">JDISABLED</option>
                </field>

                <field
                    name="check_security_admin_username"
                    type="radio"
                    label="PLG_HEALTHCHECKER_CORE_CHECK_SECURITY_ADMIN_USERNAME_TITLE"
                    class="btn-group btn-group-yesno"
                    default="1"
                >
                    <option value="1">JENABLED</option>
                    <option value="0">JDISABLED</option>
                </field>

                <field
                    name="check_security_api_auth"
                    type="radio"
                    label="PLG_HEALTHCHECKER_CORE_CHECK_SECURITY_API_AUTH_TITLE"
                    class="btn-group btn-group-yesno"
                    default="1"
                >
                    <option value="1">JENABLED</option>
                    <option value="0">JDISABLED</option>
                </field>

                <field
                    name="check_security_brute_force_protection"
                    type="radio"
                    label="PLG_HEALTHCHECKER_CORE_CHECK_SECURITY_BRUTE_FORCE_PROTECTION_TITLE"
                    class="btn-group btn-group-yesno"
                    default="1"
                >
                    <option value="1">JENABLED</option>
                    <option value="0">JDISABLED</option>
                </field>

                <field
                    name="check_security_configuration_php_permissions"
                    type="radio"
                    label="PLG_HEALTHCHECKER_CORE_CHECK_SECURITY_CONFIGURATION_PHP_PERMISSIONS_TITLE"
                    class="btn-group btn-group-yesno"
                    default="1"
                >
                    <option value="1">JENABLED</option>
                    <option value="0">JDISABLED</option>
                </field>

                <field
                    name="check_security_content_security_policy"
                    type="radio"
                    label="PLG_HEALTHCHECKER_CORE_CHECK_SECURITY_CONTENT_SECURITY_POLICY_TITLE"
                    class="btn-group btn-group-yesno"
                    default="1"
                >
                    <option value="1">JENABLED</option>
                    <option value="0">JDISABLED</option>
                </field>

                <field
                    name="check_security_cors"
                    type="radio"
                    label="PLG_HEALTHCHECKER_CORE_CHECK_SECURITY_CORS_TITLE"
                    class="btn-group btn-group-yesno"
                    default="1"
                >
                    <option value="1">JENABLED</option>
                    <option value="0">JDISABLED</option>
                </field>

                <field
                    name="check_security_debug_mode"
                    type="radio"
                    label="PLG_HEALTHCHECKER_CORE_CHECK_SECURITY_DEBUG_MODE_TITLE"
                    class="btn-group btn-group-yesno"
                    default="1"
                >
                    <option value="1">JENABLED</option>
                    <option value="0">JDISABLED</option>
                </field>

                <field
                    name="check_security_default_secret"
                    type="radio"
                    label="PLG_HEALTHCHECKER_CORE_CHECK_SECURITY_DEFAULT_SECRET_TITLE"
                    class="btn-group btn-group-yesno"
                    default="1"
                >
                    <option value="1">JENABLED</option>
                    <option value="0">JDISABLED</option>
                </field>

                <field
                    name="check_security_error_reporting"
                    type="radio"
                    label="PLG_HEALTHCHECKER_CORE_CHECK_SECURITY_ERROR_REPORTING_TITLE"
                    class="btn-group btn-group-yesno"
                    default="1"
                >
                    <option value="1">JENABLED</option>
                    <option value="0">JDISABLED</option>
                </field>

                <field
                    name="check_security_force_ssl"
                    type="radio"
                    label="PLG_HEALTHCHECKER_CORE_CHECK_SECURITY_FORCE_SSL_TITLE"
                    class="btn-group btn-group-yesno"
                    default="1"
                >
                    <option value="1">JENABLED</option>
                    <option value="0">JDISABLED</option>
                </field>

                <field
                    name="check_security_htaccess_protection"
                    type="radio"
                    label="PLG_HEALTHCHECKER_CORE_CHECK_SECURITY_HTACCESS_PROTECTION_TITLE"
                    class="btn-group btn-group-yesno"
                    default="1"
                >
                    <option value="1">JENABLED</option>
                    <option value="0">JDISABLED</option>
                </field>

                <field
                    name="check_security_https_redirect"
                    type="radio"
                    label="PLG_HEALTHCHECKER_CORE_CHECK_SECURITY_HTTPS_REDIRECT_TITLE"
                    class="btn-group btn-group-yesno"
                    default="1"
                >
                    <option value="1">JENABLED</option>
                    <option value="0">JDISABLED</option>
                </field>

                <field
                    name="check_security_mailer_security"
                    type="radio"
                    label="PLG_HEALTHCHECKER_CORE_CHECK_SECURITY_MAILER_SECURITY_TITLE"
                    class="btn-group btn-group-yesno"
                    default="1"
                >
                    <option value="1">JENABLED</option>
                    <option value="0">JDISABLED</option>
                </field>

                <field
                    name="check_security_password_policy"
                    type="radio"
                    label="PLG_HEALTHCHECKER_CORE_CHECK_SECURITY_PASSWORD_POLICY_TITLE"
                    class="btn-group btn-group-yesno"
                    default="1"
                >
                    <option value="1">JENABLED</option>
                    <option value="0">JDISABLED</option>
                </field>

                <field
                    name="check_security_privacy_dashboard"
                    type="radio"
                    label="PLG_HEALTHCHECKER_CORE_CHECK_SECURITY_PRIVACY_DASHBOARD_TITLE"
                    class="btn-group btn-group-yesno"
                    default="1"
                >
                    <option value="1">JENABLED</option>
                    <option value="0">JDISABLED</option>
                </field>

                <field
                    name="check_security_recaptcha"
                    type="radio"
                    label="PLG_HEALTHCHECKER_CORE_CHECK_SECURITY_RECAPTCHA_TITLE"
                    class="btn-group btn-group-yesno"
                    default="1"
                >
                    <option value="1">JENABLED</option>
                    <option value="0">JDISABLED</option>
                </field>

                <field
                    name="check_security_session_handler"
                    type="radio"
                    label="PLG_HEALTHCHECKER_CORE_CHECK_SECURITY_SESSION_HANDLER_TITLE"
                    class="btn-group btn-group-yesno"
                    default="1"
                >
                    <option value="1">JENABLED</option>
                    <option value="0">JDISABLED</option>
                </field>

                <field
                    name="check_security_session_lifetime"
                    type="radio"
                    label="PLG_HEALTHCHECKER_CORE_CHECK_SECURITY_SESSION_LIFETIME_TITLE"
                    class="btn-group btn-group-yesno"
                    default="1"
                >
                    <option value="1">JENABLED</option>
                    <option value="0">JDISABLED</option>
                </field>

                <field
                    name="check_security_two_factor_auth"
                    type="radio"
                    label="PLG_HEALTHCHECKER_CORE_CHECK_SECURITY_TWO_FACTOR_AUTH_TITLE"
                    class="btn-group btn-group-yesno"
                    default="1"
                >
                    <option value="1">JENABLED</option>
                    <option value="0">JDISABLED</option>
                </field>

                <field
                    name="check_security_x_frame_options"
                    type="radio"
                    label="PLG_HEALTHCHECKER_CORE_CHECK_SECURITY_X_FRAME_OPTIONS_TITLE"
                    class="btn-group btn-group-yesno"
                    default="1"
                >
                    <option value="1">JENABLED</option>
                    <option value="0">JDISABLED</option>
                </field>

                <!-- Users -->
                <field
                    name="header_users"
                    type="note"
                    label="PLG_HEALTHCHECKER_CORE_FIELDSET_USERS_LABEL"
                    description="PLG_HEALTHCHECKER_CORE_FIELDSET_USERS_DESC"
                    class="alert alert-info"
                />

                <field
                    name="check_users_admin_email"
                    type="radio"
                    label="PLG_HEALTHCHECKER_CORE_CHECK_USERS_ADMIN_EMAIL_TITLE"
                    class="btn-group btn-group-yesno"
                    default="1"
                >
                    <option value="1">JENABLED</option>
                    <option value="0">JDISABLED</option>
                </field>

                <field
                    name="check_users_blocked_users"
                    type="radio"
                    label="PLG_HEALTHCHECKER_CORE_CHECK_USERS_BLOCKED_USERS_TITLE"
                    class="btn-group btn-group-yesno"
                    default="1"
                >
                    <option value="1">JENABLED</option>
                    <option value="0">JDISABLED</option>
                </field>

                <field
                    name="check_users_default_user_group"
                    type="radio"
                    label="PLG_HEALTHCHECKER_CORE_CHECK_USERS_DEFAULT_USER_GROUP_TITLE"
                    class="btn-group btn-group-yesno"
                    default="1"
                >
                    <option value="1">JENABLED</option>
                    <option value="0">JDISABLED</option>
                </field>

                <field
                    name="check_users_duplicate_emails"
                    type="radio"
                    label="PLG_HEALTHCHECKER_CORE_CHECK_USERS_DUPLICATE_EMAILS_TITLE"
                    class="btn-group btn-group-yesno"
                    default="1"
                >
                    <option value="1">JENABLED</option>
                    <option value="0">JDISABLED</option>
                </field>

                <field
                    name="check_users_inactive_users"
                    type="radio"
                    label="PLG_HEALTHCHECKER_CORE_CHECK_USERS_INACTIVE_USERS_TITLE"
                    class="btn-group btn-group-yesno"
                    default="1"
                >
                    <option value="1">JENABLED</option>
                    <option value="0">JDISABLED</option>
                </field>

                <field
                    name="check_users_last_login"
                    type="radio"
                    label="PLG_HEALTHCHECKER_CORE_CHECK_USERS_LAST_LOGIN_TITLE"
                    class="btn-group btn-group-yesno"
                    default="1"
                >
                    <option value="1">JENABLED</option>
                    <option value="0">JDISABLED</option>
                </field>

                <field
                    name="check_users_password_expiry"
                    type="radio"
                    label="PLG_HEALTHCHECKER_CORE_CHECK_USERS_PASSWORD_EXPIRY_TITLE"
                    class="btn-group btn-group-yesno"
                    default="1"
                >
                    <option value="1">JENABLED</option>
                    <option value="0">JDISABLED</option>
                </field>

                <field
                    name="check_users_super_admin_count"
                    type="radio"
                    label="PLG_HEALTHCHECKER_CORE_CHECK_USERS_SUPER_ADMIN_COUNT_TITLE"
                    class="btn-group btn-group-yesno"
                    default="1"
                >
                    <option value="1">JENABLED</option>
                    <option value="0">JDISABLED</option>
                </field>

                <field
                    name="check_users_user_fields"
                    type="radio"
                    label="PLG_HEALTHCHECKER_CORE_CHECK_USERS_USER_FIELDS_TITLE"
                    class="btn-group btn-group-yesno"
                    default="1"
                >
                    <option value="1">JENABLED</option>
                    <option value="0">JDISABLED</option>
                </field>

                <field
                    name="check_users_user_groups"
                    type="radio"
                    label="PLG_HEALTHCHECKER_CORE_CHECK_USERS_USER_GROUPS_TITLE"
                    class="btn-group btn-group-yesno"
                    default="1"
                >
                    <option value="1">JENABLED</option>
                    <option value="0">JDISABLED</option>
                </field>

                <field
                    name="check_users_user_notes"
                    type="radio"
                    label="PLG_HEALTHCHECKER_CORE_CHECK_USERS_USER_NOTES_TITLE"
                    class="btn-group btn-group-yesno"
                    default="1"
                >
                    <option value="1">JENABLED</option>
                    <option value="0">JDISABLED</option>
                </field>

                <field
                    name="check_users_user_registration"
                    type="radio"
                    label="PLG_HEALTHCHECKER_CORE_CHECK_USERS_USER_REGISTRATION_TITLE"
                    class="btn-group btn-group-yesno"
                    default="1"
                >
                    <option value="1">JENABLED</option>
                    <option value="0">JDISABLED</option>
                </field>

                <!-- Extensions -->
                <field
                    name="header_extensions"
                    type="note"
                    label="PLG_HEALTHCHECKER_CORE_FIELDSET_EXTENSIONS_LABEL"
                    description="PLG_HEALTHCHECKER_CORE_FIELDSET_EXTENSIONS_DESC"
                    class="alert alert-info"
                />

                <field
                    name="check_extensions_cache_plugin"
                    type="radio"
                    label="PLG_HEALTHCHECKER_CORE_CHECK_EXTENSIONS_CACHE_PLUGIN_TITLE"
                    class="btn-group btn-group-yesno"
                    default="1"
                >
                    <option value="1">JENABLED</option>
                    <option value="0">JDISABLED</option>
                </field>

                <field
                    name="check_extensions_disabled_extensions"
                    type="radio"
                    label="PLG_HEALTHCHECKER_CORE_CHECK_EXTENSIONS_DISABLED_EXTENSIONS_TITLE"
                    class="btn-group btn-group-yesno"
                    default="1"
                >
                    <option value="1">JENABLED</option>
                    <option value="0">JDISABLED</option>
                </field>

                <field
                    name="check_extensions_joomla_core_version"
                    type="radio"
                    label="PLG_HEALTHCHECKER_CORE_CHECK_EXTENSIONS_JOOMLA_CORE_VERSION_TITLE"
                    class="btn-group btn-group-yesno"
                    default="1"
                >
                    <option value="1">JENABLED</option>
                    <option value="0">JDISABLED</option>
                </field>

                <field
                    name="check_extensions_language_packs"
                    type="radio"
                    label="PLG_HEALTHCHECKER_CORE_CHECK_EXTENSIONS_LANGUAGE_PACKS_TITLE"
                    class="btn-group btn-group-yesno"
                    default="1"
                >
                    <option value="1">JENABLED</option>
                    <option value="0">JDISABLED</option>
                </field>

                <field
                    name="check_extensions_legacy_extensions"
                    type="radio"
                    label="PLG_HEALTHCHECKER_CORE_CHECK_EXTENSIONS_LEGACY_EXTENSIONS_TITLE"
                    class="btn-group btn-group-yesno"
                    default="1"
                >
                    <option value="1">JENABLED</option>
                    <option value="0">JDISABLED</option>
                </field>

                <field
                    name="check_extensions_missing_updates"
                    type="radio"
                    label="PLG_HEALTHCHECKER_CORE_CHECK_EXTENSIONS_MISSING_UPDATES_TITLE"
                    class="btn-group btn-group-yesno"
                    default="1"
                >
                    <option value="1">JENABLED</option>
                    <option value="0">JDISABLED</option>
                </field>

                <field
                    name="check_extensions_module_positions"
                    type="radio"
                    label="PLG_HEALTHCHECKER_CORE_CHECK_EXTENSIONS_MODULE_POSITIONS_TITLE"
                    class="btn-group btn-group-yesno"
                    default="1"
                >
                    <option value="1">JENABLED</option>
                    <option value="0">JDISABLED</option>
                </field>

                <field
                    name="check_extensions_overrides"
                    type="radio"
                    label="PLG_HEALTHCHECKER_CORE_CHECK_EXTENSIONS_OVERRIDES_TITLE"
                    class="btn-group btn-group-yesno"
                    default="1"
                >
                    <option value="1">JENABLED</option>
                    <option value="0">JDISABLED</option>
                </field>

                <field
                    name="check_extensions_plugin_order"
                    type="radio"
                    label="PLG_HEALTHCHECKER_CORE_CHECK_EXTENSIONS_PLUGIN_ORDER_TITLE"
                    class="btn-group btn-group-yesno"
                    default="1"
                >
                    <option value="1">JENABLED</option>
                    <option value="0">JDISABLED</option>
                </field>

                <field
                    name="check_extensions_search_plugins"
                    type="radio"
                    label="PLG_HEALTHCHECKER_CORE_CHECK_EXTENSIONS_SEARCH_PLUGINS_TITLE"
                    class="btn-group btn-group-yesno"
                    default="1"
                >
                    <option value="1">JENABLED</option>
                    <option value="0">JDISABLED</option>
                </field>

                <field
                    name="check_extensions_template"
                    type="radio"
                    label="PLG_HEALTHCHECKER_CORE_CHECK_EXTENSIONS_TEMPLATE_TITLE"
                    class="btn-group btn-group-yesno"
                    default="1"
                >
                    <option value="1">JENABLED</option>
                    <option value="0">JDISABLED</option>
                </field>

                <field
                    name="check_extensions_unused_modules"
                    type="radio"
                    label="PLG_HEALTHCHECKER_CORE_CHECK_EXTENSIONS_UNUSED_MODULES_TITLE"
                    class="btn-group btn-group-yesno"
                    default="1"
                >
                    <option value="1">JENABLED</option>
                    <option value="0">JDISABLED</option>
                </field>

                <field
                    name="check_extensions_update_sites"
                    type="radio"
                    label="PLG_HEALTHCHECKER_CORE_CHECK_EXTENSIONS_UPDATE_SITES_TITLE"
                    class="btn-group btn-group-yesno"
                    default="1"
                >
                    <option value="1">JENABLED</option>
                    <option value="0">JDISABLED</option>
                </field>

                <!-- Performance -->
                <field
                    name="header_performance"
                    type="note"
                    label="PLG_HEALTHCHECKER_CORE_FIELDSET_PERFORMANCE_LABEL"
                    description="PLG_HEALTHCHECKER_CORE_FIELDSET_PERFORMANCE_DESC"
                    class="alert alert-info"
                />

                <field
                    name="check_performance_browser_cache"
                    type="radio"
                    label="PLG_HEALTHCHECKER_CORE_CHECK_PERFORMANCE_BROWSER_CACHE_TITLE"
                    class="btn-group btn-group-yesno"
                    default="1"
                >
                    <option value="1">JENABLED</option>
                    <option value="0">JDISABLED</option>
                </field>

                <field
                    name="check_performance_css_minify"
                    type="radio"
                    label="PLG_HEALTHCHECKER_CORE_CHECK_PERFORMANCE_CSS_MINIFY_TITLE"
                    class="btn-group btn-group-yesno"
                    default="1"
                >
                    <option value="1">JENABLED</option>
                    <option value="0">JDISABLED</option>
                </field>

                <field
                    name="check_performance_database_query_cache"
                    type="radio"
                    label="PLG_HEALTHCHECKER_CORE_CHECK_PERFORMANCE_DATABASE_QUERY_CACHE_TITLE"
                    class="btn-group btn-group-yesno"
                    default="1"
                >
                    <option value="1">JENABLED</option>
                    <option value="0">JDISABLED</option>
                </field>

                <field
                    name="check_performance_gzip_compression"
                    type="radio"
                    label="PLG_HEALTHCHECKER_CORE_CHECK_PERFORMANCE_GZIP_COMPRESSION_TITLE"
                    class="btn-group btn-group-yesno"
                    default="1"
                >
                    <option value="1">JENABLED</option>
                    <option value="0">JDISABLED</option>
                </field>

                <field
                    name="check_performance_image_optimization"
                    type="radio"
                    label="PLG_HEALTHCHECKER_CORE_CHECK_PERFORMANCE_IMAGE_OPTIMIZATION_TITLE"
                    class="btn-group btn-group-yesno"
                    default="1"
                >
                    <option value="1">JENABLED</option>
                    <option value="0">JDISABLED</option>
                </field>

                <field
                    name="check_performance_js_minify"
                    type="radio"
                    label="PLG_HEALTHCHECKER_CORE_CHECK_PERFORMANCE_JS_MINIFY_TITLE"
                    class="btn-group btn-group-yesno"
                    default="1"
                >
                    <option value="1">JENABLED</option>
                    <option value="0">JDISABLED</option>
                </field>

                <field
                    name="check_performance_lazy_load"
                    type="radio"
                    label="PLG_HEALTHCHECKER_CORE_CHECK_PERFORMANCE_LAZY_LOAD_TITLE"
                    class="btn-group btn-group-yesno"
                    default="1"
                >
                    <option value="1">JENABLED</option>
                    <option value="0">JDISABLED</option>
                </field>

                <field
                    name="check_performance_page_cache"
                    type="radio"
                    label="PLG_HEALTHCHECKER_CORE_CHECK_PERFORMANCE_PAGE_CACHE_TITLE"
                    class="btn-group btn-group-yesno"
                    default="1"
                >
                    <option value="1">JENABLED</option>
                    <option value="0">JDISABLED</option>
                </field>

                <field
                    name="check_performance_redirects"
                    type="radio"
                    label="PLG_HEALTHCHECKER_CORE_CHECK_PERFORMANCE_REDIRECTS_TITLE"
                    class="btn-group btn-group-yesno"
                    default="1"
                >
                    <option value="1">JENABLED</option>
                    <option value="0">JDISABLED</option>
                </field>

                <field
                    name="check_performance_smart_search_index"
                    type="radio"
                    label="PLG_HEALTHCHECKER_CORE_CHECK_PERFORMANCE_SMART_SEARCH_INDEX_TITLE"
                    class="btn-group btn-group-yesno"
                    default="1"
                >
                    <option value="1">JENABLED</option>
                    <option value="0">JDISABLED</option>
                </field>

                <field
                    name="check_performance_system_cache"
                    type="radio"
                    label="PLG_HEALTHCHECKER_CORE_CHECK_PERFORMANCE_SYSTEM_CACHE_TITLE"
                    class="btn-group btn-group-yesno"
                    default="1"
                >
                    <option value="1">JENABLED</option>
                    <option value="0">JDISABLED</option>
                </field>

                <!-- SEO -->
                <field
                    name="header_seo"
                    type="note"
                    label="PLG_HEALTHCHECKER_CORE_FIELDSET_SEO_LABEL"
                    description="PLG_HEALTHCHECKER_CORE_FIELDSET_SEO_DESC"
                    class="alert alert-info"
                />

                <field
                    name="check_seo_alt_text"
                    type="radio"
                    label="PLG_HEALTHCHECKER_CORE_CHECK_SEO_ALT_TEXT_TITLE"
                    class="btn-group btn-group-yesno"
                    default="1"
                >
                    <option value="1">JENABLED</option>
                    <option value="0">JDISABLED</option>
                </field>

                <field
                    name="check_seo_broken_links"
                    type="radio"
                    label="PLG_HEALTHCHECKER_CORE_CHECK_SEO_BROKEN_LINKS_TITLE"
                    class="btn-group btn-group-yesno"
                    default="1"
                >
                    <option value="1">JENABLED</option>
                    <option value="0">JDISABLED</option>
                </field>

                <field
                    name="check_seo_canonical_url"
                    type="radio"
                    label="PLG_HEALTHCHECKER_CORE_CHECK_SEO_CANONICAL_URL_TITLE"
                    class="btn-group btn-group-yesno"
                    default="1"
                >
                    <option value="1">JENABLED</option>
                    <option value="0">JDISABLED</option>
                </field>

                <field
                    name="check_seo_meta_keywords"
                    type="radio"
                    label="PLG_HEALTHCHECKER_CORE_CHECK_SEO_META_KEYWORDS_TITLE"
                    class="btn-group btn-group-yesno"
                    default="1"
                >
                    <option value="1">JENABLED</option>
                    <option value="0">JDISABLED</option>
                </field>

                <field
                    name="check_seo_open_graph"
                    type="radio"
                    label="PLG_HEALTHCHECKER_CORE_CHECK_SEO_OPEN_GRAPH_TITLE"
                    class="btn-group btn-group-yesno"
                    default="1"
                >
                    <option value="1">JENABLED</option>
                    <option value="0">JDISABLED</option>
                </field>

                <field
                    name="check_seo_robots_file"
                    type="radio"
                    label="PLG_HEALTHCHECKER_CORE_CHECK_SEO_ROBOTS_FILE_TITLE"
                    class="btn-group btn-group-yesno"
                    default="1"
                >
                    <option value="1">JENABLED</option>
                    <option value="0">JDISABLED</option>
                </field>

                <field
                    name="check_seo_sef_urls"
                    type="radio"
                    label="PLG_HEALTHCHECKER_CORE_CHECK_SEO_SEF_URLS_TITLE"
                    class="btn-group btn-group-yesno"
                    default="1"
                >
                    <option value="1">JENABLED</option>
                    <option value="0">JDISABLED</option>
                </field>

                <field
                    name="check_seo_sitemap"
                    type="radio"
                    label="PLG_HEALTHCHECKER_CORE_CHECK_SEO_SITEMAP_TITLE"
                    class="btn-group btn-group-yesno"
                    default="1"
                >
                    <option value="1">JENABLED</option>
                    <option value="0">JDISABLED</option>
                </field>

                <field
                    name="check_seo_site_meta_description"
                    type="radio"
                    label="PLG_HEALTHCHECKER_CORE_CHECK_SEO_SITE_META_DESCRIPTION_TITLE"
                    class="btn-group btn-group-yesno"
                    default="1"
                >
                    <option value="1">JENABLED</option>
                    <option value="0">JDISABLED</option>
                </field>

                <field
                    name="check_seo_structured_data"
                    type="radio"
                    label="PLG_HEALTHCHECKER_CORE_CHECK_SEO_STRUCTURED_DATA_TITLE"
                    class="btn-group btn-group-yesno"
                    default="1"
                >
                    <option value="1">JENABLED</option>
                    <option value="0">JDISABLED</option>
                </field>

                <field
                    name="check_seo_twitter_cards"
                    type="radio"
                    label="PLG_HEALTHCHECKER_CORE_CHECK_SEO_TWITTER_CARDS_TITLE"
                    class="btn-group btn-group-yesno"
                    default="1"
                >
                    <option value="1">JENABLED</option>
                    <option value="0">JDISABLED</option>
                </field>

                <!-- Content Quality -->
                <field
                    name="header_content"
                    type="note"
                    label="PLG_HEALTHCHECKER_CORE_FIELDSET_CONTENT_LABEL"
                    description="PLG_HEALTHCHECKER_CORE_FIELDSET_CONTENT_DESC"
                    class="alert alert-info"
                />

                <field
                    name="check_content_archived_content"
                    type="radio"
                    label="PLG_HEALTHCHECKER_CORE_CHECK_CONTENT_ARCHIVED_CONTENT_TITLE"
                    class="btn-group btn-group-yesno"
                    default="1"
                >
                    <option value="1">JENABLED</option>
                    <option value="0">JDISABLED</option>
                </field>

                <field
                    name="check_content_category_depth"
                    type="radio"
                    label="PLG_HEALTHCHECKER_CORE_CHECK_CONTENT_CATEGORY_DEPTH_TITLE"
                    class="btn-group btn-group-yesno"
                    default="1"
                >
                    <option value="1">JENABLED</option>
                    <option value="0">JDISABLED</option>
                </field>

                <field
                    name="check_content_draft_articles"
                    type="radio"
                    label="PLG_HEALTHCHECKER_CORE_CHECK_CONTENT_DRAFT_ARTICLES_TITLE"
                    class="btn-group btn-group-yesno"
                    default="1"
                >
                    <option value="1">JENABLED</option>
                    <option value="0">JDISABLED</option>
                </field>

                <field
                    name="check_content_empty_articles"
                    type="radio"
                    label="PLG_HEALTHCHECKER_CORE_CHECK_CONTENT_EMPTY_ARTICLES_TITLE"
                    class="btn-group btn-group-yesno"
                    default="1"
                >
                    <option value="1">JENABLED</option>
                    <option value="0">JDISABLED</option>
                </field>

                <field
                    name="check_content_expired_content"
                    type="radio"
                    label="PLG_HEALTHCHECKER_CORE_CHECK_CONTENT_EXPIRED_CONTENT_TITLE"
                    class="btn-group btn-group-yesno"
                    default="1"
                >
                    <option value="1">JENABLED</option>
                    <option value="0">JDISABLED</option>
                </field>

                <field
                    name="check_content_menu_orphans"
                    type="radio"
                    label="PLG_HEALTHCHECKER_CORE_CHECK_CONTENT_MENU_ORPHANS_TITLE"
                    class="btn-group btn-group-yesno"
                    default="1"
                >
                    <option value="1">JENABLED</option>
                    <option value="0">JDISABLED</option>
                </field>

                <field
                    name="check_content_orphaned_articles"
                    type="radio"
                    label="PLG_HEALTHCHECKER_CORE_CHECK_CONTENT_ORPHANED_ARTICLES_TITLE"
                    class="btn-group btn-group-yesno"
                    default="1"
                >
                    <option value="1">JENABLED</option>
                    <option value="0">JDISABLED</option>
                </field>

                <field
                    name="check_content_scheduled_content"
                    type="radio"
                    label="PLG_HEALTHCHECKER_CORE_CHECK_CONTENT_SCHEDULED_CONTENT_TITLE"
                    class="btn-group btn-group-yesno"
                    default="1"
                >
                    <option value="1">JENABLED</option>
                    <option value="0">JDISABLED</option>
                </field>

                <field
                    name="check_content_trashed_content"
                    type="radio"
                    label="PLG_HEALTHCHECKER_CORE_CHECK_CONTENT_TRASHED_CONTENT_TITLE"
                    class="btn-group btn-group-yesno"
                    default="1"
                >
                    <option value="1">JENABLED</option>
                    <option value="0">JDISABLED</option>
                </field>

                <field
                    name="check_content_uncategorized_content"
                    type="radio"
                    label="PLG_HEALTHCHECKER_CORE_CHECK_CONTENT_UNCATEGORIZED_CONTENT_TITLE"
                    class="btn-group btn-group-yesno"
                    default="1"
                >
                    <option value="1">JENABLED</option>
                    <option value="0">JDISABLED</option>
                </field>

                <field
                    name="check_content_unpublished_category_articles"
                    type="radio"
                    label="PLG_HEALTHCHECKER_CORE_CHECK_CONTENT_UNPUBLISHED_CATEGORY_ARTICLES_TITLE"
                    class="btn-group btn-group-yesno"
                    default="1"
                >
                    <option value="1">JENABLED</option>
                    <option value="0">JDISABLED</option>
                </field>

            </fieldset>
        </fields>
    </config>

    <updateservers>
        <server
            type="extension"
            priority="1"
            name="Health Checker - Core Plugin"
        >https://www.joomlahealthchecker.com/update/plg_healthchecker_core.xml</server>
    </updateservers>
</extension>
